GENE,SNP ID
ABCA6,rs117753190
ADAM10,rs11856657
ADAMTS8,rs4936098
ADAMTS8,rs7936928
ADAMTS8,rs4936098
ADH1C - ADH7,rs1229849
"ANKRD44-IT1, ANKRD44",rs919433
ANTXR1,rs13384676
APOA5 - LNC-RHL1,rs662799
APOE,rs429358
APOE,rs429358
ATOH8,rs113626898
ATP7BP1 - RPS4XP18,rs7240701
C20orf181 - ABHD16B,rs73149487
CCDC157,rs59731356
CDK6,rs42235
CDKN1A,rs3176336
CDKN1A,rs3176336
CDKN2B-AS1,rs4977574
CDKN2B-AS1,rs10757274
CDKN2B-AS1,rs2891168
CDKN2B-AS1,rs7866503
CELSR2,rs12740374
CELSR2,rs12740374
CELSR2 - PSRC1,rs602633
CFDP1,rs11149831
CHRNA3 - CHRNB4,rs55958997
CHRNA5,rs17486278
CMIP,rs12929809
COL21A1,rs2223598
COL4A2,rs34402154
CRISPLD2,rs35254673
CRISPLD2,rs9939197
"CRYBB2P1, CRYBB2P1",rs530948381
DAB2IP,rs7025486
DAB2IP,rs7025486
DAB2IP,rs10985349
DGKZ,rs11038871
DNM3,rs2227200
EPHX2 - GULOP,rs73227362
ERG,rs8134664
ERG,rs2836411
ERG,rs2836411
FAP - IFIH1,rs2111485
FBN1,rs363820
GDF7,rs7255
GDF7,rs9306894
GPR135,rs3850306
H6PD - SPSB1,rs9442580
HERPUD1 - CETP,rs247617
HHIPL1,rs12436072
HLX - LINC02817,rs2807875
HMGCR,rs3846662
IL1F10 - RNU6-1180P,rs6734238
IL6R,rs12133641
IL6R,rs12133641
IL6R,rs12126142
"IQCH, IQCH-AS1",rs72745452
IST1,rs72801778
LDB2,rs4698161
LDLR,rs6511720
LDLR,rs6511720
LHFPL2,rs890746
LINC00540 - FTH1P7,rs9316871
LINC00540 - FTH1P7,rs12869493
LINC00540 - FTH1P7,rs7994761
"LINC00678, BDNF-AS",rs11030087
LINC01449 - INHBA,rs508391
LINC02544,rs34927895
LINC02732,rs10891091
LINC02775 - SMYD2,rs1660364
LINC02775 - SMYD2,rs1795061
LINC02929,rs12768538
LIPA,rs1412445
LIPA,rs1412444
LNX1 - RPL21P44,rs2245157
LOXL1,rs58270968
LPA,rs118039278
LPA,rs10455872
LPA,rs10455872
LPA,rs140570886
LPL,rs331
LPL,rs268
LPL - RPL30P9,rs78131387
LRP1,rs1466535
LRP1,rs11172113
LTBP4,rs34093919
MCF2L,rs3011545
MEPE - HSP90AB3P,rs899040
MMP12 - BOLA3P1,rs17368814
MON1A,rs142344547
MRC2,rs56288724
NCOR2 - SCARB1,rs12578371
NUCB2,rs55948574
NUFIP2 - RPL35AP35,rs56853305
PCIF1,rs58749629
PCSK9,rs11591147
PCSK9,rs11591147
PDGFRA,rs4422471
"PLAU, C10orf55",rs2227564
PLAUR,rs4760
PLCE1,rs11187851
"PLCE1, HDAC1P1",rs731141
PLEKHJ1,rs7249204
PLTP - PCIF1,rs143235478
PRDM6,rs335183
PREX1,rs6066802
PRKD2,rs137882482
PRPF3,rs1260400
PSMA4 - CHRNA5,rs58365910
PTCD2P1 - SETP1,rs141830649
PURPL - LINC02103,rs116390453
RNU1-146P - TCP1P3,rs77925345
RNU6-1032P - RBBP8,rs434182
RNU6-637P - TERC,rs12638862
RNU7-159P - MMP13,rs1892971
RPL13AP13 - FST,rs1423561
RPL26P19 - C5orf67,rs464605
RPS4XP18 - RNU6-1032P,rs4401144
RPS4XP18 - RNU6-1032P,rs34316398
RPS4XP18 - RNU6-1032P,rs8087799
SCARB1,rs112403212
SH3RF3,rs13417446
SLC39A8 - NFKB1,rs2125213
SMAD4,rs139264364
SMARCA4,rs73015011
SPSB1 - LINC02606,rs12408895
STN1,rs7100920
SUGCT,rs79486579
SUGCT,rs17688414
TAFA2,rs11612171
TDRD15 - NUTF2P8,rs34468875
TERT,rs2736100
TGFB2,rs991967
TGFBR3,rs1192524
TRIB1AL,rs2954021
TRIB1AL,rs10808546
TSPAN14,rs35414786
VCAN,rs34580448
VEGFA - LINC02537,rs881858
VMP1,rs2150879
WDR82P2 - HSP90B3P,rs4658246
ZBTB38,rs724016
ZBTB46,rs73143503
ZC2HC1C,rs11546525
ZNF335,rs3827066
ZNF827,rs7662069
"ZNRF3-IT1, ZNRF3",rs8142788
ZPR1,rs964184
ZPR1,rs964184
,chr6:112398675
,chr2:20679060
,chr11:130410772
